{
  "properties": {
    "connectionReferences": {},
    "definition": {
      "$schema": "https://schema.management.azure.com/providers/Microsoft.Logic/schemas/2016-06-01/workflowdefinition.json#",
      "contentVersion": "1.0.0.0",
      "parameters": {
        "$authentication": {
          "defaultValue": {},
          "type": "SecureObject"
        }
      },
      "triggers": {
        "manual": {
          "metadata": {
            "operationMetadataId": "b765e0c4-c3c3-4c0a-810a-d4ee0cc393a7"
          },
          "type": "Request",
          "kind": "Button",
          "inputs": {
            "schema": {
              "type": "object",
              "properties": {},
              "required": []
            }
          }
        }
      },
      "actions": {
        "子フローの実行": {
          "runAfter": {},
          "metadata": {
            "operationMetadataId": "badda722-75c9-4d63-889f-4d709dd0916d"
          },
          "type": "Workflow",
          "inputs": {
            "host": {
              "workflowReferenceName": "91eb9c69-8696-ef11-8a69-6045bd54dde0"
            },
            "body": {
              "text": "@workflow()['tags']['xrmWorkflowId']"
            }
          },
          "description": "workflow()['tags']['xrmWorkflowId']"
        },
        "SolutionUniqueName": {
          "runAfter": {
            "子フローの実行": [
              "Succeeded"
            ]
          },
          "metadata": {
            "operationMetadataId": "3fbf408d-441e-45b5-8109-e8f43f7b8b66"
          },
          "type": "Compose",
          "inputs": "@body('子フローの実行')?['solutionuniquename']",
          "description": "body('子フローの実行')?['solutionuniquename']"
        }
      }
    },
    "templateName": null
  },
  "schemaVersion": "1.0.0.0"
}