{
  "properties": {
    "connectionReferences": {
      "shared_commondataserviceforapps": {
        "api": {
          "name": "shared_commondataserviceforapps"
        },
        "connection": {
          "connectionReferenceLogicalName": "ya_sharedcommondataserviceforapps_b908e"
        },
        "runtimeSource": "embedded"
      }
    },
    "definition": {
      "$schema": "https://schema.management.azure.com/providers/Microsoft.Logic/schemas/2016-06-01/workflowdefinition.json#",
      "contentVersion": "1.0.0.0",
      "parameters": {
        "$authentication": {
          "defaultValue": {},
          "type": "SecureObject"
        },
        "$connections": {
          "defaultValue": {},
          "type": "Object"
        }
      },
      "triggers": {
        "manual": {
          "type": "Request",
          "kind": "Button",
          "inputs": {
            "schema": {
              "type": "object",
              "properties": {
                "text": {
                  "title": "ObjectId",
                  "type": "string",
                  "x-ms-dynamically-added": true,
                  "description": "親フロー側で取得したObject IDを指定してください（親フローでworkflow()['tags']['xrmWorkflowId']を取得して渡す；省略した場合はこのフローのObject IDを用いる）",
                  "x-ms-content-hint": "TEXT"
                }
              },
              "required": []
            }
          },
          "metadata": {
            "operationMetadataId": "4c482b0a-3d58-4834-aad9-9ca8a0442cec"
          }
        }
      },
      "actions": {
        "GetCurrentSolution": {
          "type": "Scope",
          "actions": {
            "Power_App_またはフローに応答する": {
              "type": "Response",
              "description": "outputs('ソリューションを取得する')?['body/uniquename'] \nbody('ソリューションを取得する') \nstring(workflow())",
              "kind": "PowerApp",
              "inputs": {
                "schema": {
                  "type": "object",
                  "properties": {
                    "solutionuniquename": {
                      "title": "SolutionUniqueName",
                      "type": "string",
                      "x-ms-content-hint": "TEXT",
                      "x-ms-dynamically-added": true
                    },
                    "result": {
                      "title": "Result",
                      "type": "string",
                      "x-ms-content-hint": "TEXT",
                      "x-ms-dynamically-added": true
                    },
                    "workflow": {
                      "title": "Workflow",
                      "type": "string",
                      "x-ms-content-hint": "TEXT",
                      "x-ms-dynamically-added": true
                    }
                  },
                  "additionalProperties": {}
                },
                "statusCode": 200,
                "body": {
                  "solutionuniquename": "@{outputs('ソリューションを取得する')?['body/uniquename']}",
                  "result": "@{body('ソリューションを取得する')}",
                  "workflow": "@{string(workflow())}"
                }
              },
              "runAfter": {
                "ソリューションを取得する": [
                  "Succeeded"
                ]
              }
            },
            "ソリューションを取得する": {
              "type": "OpenApiConnection",
              "description": "first(outputs('ソリューションコンポーネントを取得する')?['body/value'])?['_solutionid_value']",
              "inputs": {
                "parameters": {
                  "entityName": "solutions",
                  "recordId": "@first(outputs('ソリューションコンポーネントを取得する')?['body/value'])?['_solutionid_value']"
                },
                "host": {
                  "apiId": "/providers/Microsoft.PowerApps/apis/shared_commondataserviceforapps",
                  "operationId": "GetItem",
                  "connectionName": "shared_commondataserviceforapps"
                }
              },
              "runAfter": {
                "ソリューションコンポーネントを取得する": [
                  "Succeeded"
                ]
              }
            },
            "ソリューションコンポーネントを取得する": {
              "type": "OpenApiConnection",
              "description": "if(empty(coalesce(triggerBody()?['text'], '')), workflow()['tags']['xrmWorkflowId'], triggerBody()['text'])",
              "inputs": {
                "parameters": {
                  "entityName": "solutioncomponents",
                  "$select": "_solutionid_value",
                  "$filter": "objectid eq '@{if(empty(coalesce(triggerBody()?['text'], '')), workflow()['tags']['xrmWorkflowId'], triggerBody()['text'])}'",
                  "$top": 1
                },
                "host": {
                  "apiId": "/providers/Microsoft.PowerApps/apis/shared_commondataserviceforapps",
                  "operationId": "ListRecords",
                  "connectionName": "shared_commondataserviceforapps"
                }
              }
            }
          },
          "runAfter": {}
        }
      }
    },
    "templateName": null
  },
  "schemaVersion": "1.0.0.0"
}